{"cameraMode":{"drawMode":0,"name":"Shaded","section":"Shading Mode"},"sceneLighting":true,"audioPlay":false,"sceneViewState":{"showFog":false,"showMaterialUpdate":false,"showSkybox":false,"showFlares":false,"showImageEffects":false,"showParticleSystems":false},"in2DMode":false,"pivot":{"x":-0.08306703716516495,"y":-1.481372356414795,"z":0.4464694559574127},"rotation":{"x":0.09216457605361939,"y":0.9075485467910767,"z":-0.30146729946136477,"w":0.27746063470840456},"size":6.024597644805908,"orthographic":false}